{"count":1,"self":2605.3588992,"total":2609.2516352,"children":{"InitializeActuators":{"count":67,"self":0.0014862999999999999,"total":0.0014862999999999999,"children":null},"InitializeSensors":{"count":67,"self":0.00099629999999999988,"total":0.00099629999999999988,"children":null},"AgentSendState":{"count":14131,"self":0.087036999999999989,"total":3.5592438,"children":{"CollectObservations":{"count":22805,"self":3.3473767999999997,"total":3.3473767,"children":null},"WriteActionMask":{"count":22805,"self":0.012391899999999999,"total":0.012391899999999999,"children":null},"RequestDecision":{"count":22805,"self":0.11243819999999999,"total":0.11243819999999999,"children":null}}},"DecideAction":{"count":14131,"self":0.2045477,"total":0.2045477,"children":null},"AgentAct":{"count":14131,"self":0.1265066,"total":0.1265066,"children":null}},"gauges":{"Basic.CumulativeReward":{"count":198,"max":-1.01000023,"min":-1.01003623,"runningAverage":-1.01000261,"value":-1.010001,"weightedAverage":-1.01000261}},"metadata":{"timer_format_version":"0.1.0","start_time_seconds":"1625814415","unity_version":"2020.3.1f1","command_line_arguments":"C:\\Program Files\\Unity\\Hub\\Editor\\2020.3.1f1\\Editor\\Unity.exe -projectpath C:\/Users\/batua\/Desktop\/RLNav\/ProjNar -useHub -hubIPC -cloudEnvironment production -hubSessionId 427bcff0-e009-11eb-8260-03c5af875e84 -accessToken UB5wzRDOjCsOZvv5TPKx8XMZLK33uORGXGWgNBifLPk011f","communication_protocol_version":"1.4.0","com.unity.ml-agents_version":"1.8.1-preview","scene_name":"Batu_Env","end_time_seconds":"1625817024"}}