{"count":1,"self":2644.8879616,"total":2648.4983652,"children":{"InitializeActuators":{"count":50,"self":0.0014888,"total":0.0014888,"children":null},"InitializeSensors":{"count":50,"self":0.00099209999999999988,"total":0.00099209999999999988,"children":null},"AgentSendState":{"count":18779,"self":0.0862315,"total":3.4606266,"children":{"CollectObservations":{"count":2484,"self":3.3490868,"total":3.3490868999999996,"children":null},"WriteActionMask":{"count":2484,"self":0.0054640999999999995,"total":0.0054640999999999995,"children":null},"RequestDecision":{"count":2484,"self":0.0198441,"total":0.0198441,"children":null}}},"DecideAction":{"count":18779,"self":0.093810499999999991,"total":0.093810499999999991,"children":null},"AgentAct":{"count":18779,"self":0.0535816,"total":0.0535816,"children":null}},"gauges":{"Basic.CumulativeReward":{"count":32,"max":0.955387652,"min":-1.02343667,"runningAverage":0.4268801,"value":-1.00662124,"weightedAverage":-0.135925025}},"metadata":{"timer_format_version":"0.1.0","start_time_seconds":"1623876496","unity_version":"2020.3.1f1","command_line_arguments":"C:\\Program Files\\Unity\\Hub\\Editor\\2020.3.1f1\\Editor\\Unity.exe -projectpath C:\/Users\/batua\/Desktop\/RLNav\/ProjNar -useHub -hubIPC -cloudEnvironment production -hubSessionId 188853a0-cd74-11eb-a862-59162e57e2a4 -accessToken j3H_lOX11QXVIb6cYkfqk9ih-Pz_0QihNs8IRydFQnI011f","communication_protocol_version":"1.4.0","com.unity.ml-agents_version":"1.8.1-preview","scene_name":"CraneEnv","end_time_seconds":"1623879144"}}