{"count":1,"self":1415.2515584,"total":1450.5120359,"children":{"InitializeActuators":{"count":289,"self":0.0034972999999999996,"total":0.0034972999999999996,"children":null},"InitializeSensors":{"count":289,"self":0.0029990999999999998,"total":0.0029990999999999998,"children":null},"AgentSendState":{"count":1219,"self":0.0310765,"total":35.1614534,"children":{"CollectObservations":{"count":3693,"self":35.1001376,"total":35.1001371,"children":null},"WriteActionMask":{"count":3693,"self":0.008003,"total":0.008003,"children":null},"RequestDecision":{"count":3693,"self":0.022236799999999998,"total":0.022236799999999998,"children":null}}},"DecideAction":{"count":1219,"self":0.0627596,"total":0.0627596,"children":null},"AgentAct":{"count":1219,"self":0.029724999999999998,"total":0.029724999999999998,"children":null}},"gauges":{"Basic.CumulativeReward":{"count":7,"max":0.9788692,"min":0.7798549,"runningAverage":0.8158896,"value":0.783323,"weightedAverage":0.807324767}},"metadata":{"timer_format_version":"0.1.0","start_time_seconds":"1637709510","unity_version":"2020.3.12f1","command_line_arguments":"C:\\Program Files\\Unity\\Hub\\Editor\\2020.3.12f1\\Editor\\Unity.exe -openfile C:\\Users\\batua\\Desktop\\NavAssist\\NavAssist_UnityProject\\Assets\\_Scenes\\0_Debug\\DebugEnv.unity","communication_protocol_version":"1.4.0","com.unity.ml-agents_version":"1.8.1-preview","scene_name":"DebugEnv","end_time_seconds":"1637710961"}}