{"count":1,"self":161.34373119999998,"total":168.61324059999998,"children":{"InitializeActuators":{"count":320,"self":0.0045011,"total":0.0045011,"children":null},"InitializeSensors":{"count":320,"self":0.0030004999999999997,"total":0.0030004999999999997,"children":null},"AgentSendState":{"count":11371,"self":0.23488769999999998,"total":6.3854687,"children":{"CollectObservations":{"count":36576,"self":5.9711244,"total":5.9711244,"children":null},"WriteActionMask":{"count":36576,"self":0.029804599999999997,"total":0.029804599999999997,"children":null},"RequestDecision":{"count":36576,"self":0.14965199999999998,"total":0.14965199999999998,"children":null}}},"DecideAction":{"count":11371,"self":0.54286119999999993,"total":0.54286119999999993,"children":null},"AgentAct":{"count":11371,"self":0.33368129999999996,"total":0.33368129999999996,"children":null}},"gauges":{"Basic.CumulativeReward":{"count":257,"max":0.972365141,"min":-1.01008022,"runningAverage":-1.0022881,"value":-1.01001251,"weightedAverage":-1.01000988}},"metadata":{"timer_format_version":"0.1.0","start_time_seconds":"1631127837","unity_version":"2020.3.1f1","command_line_arguments":"C:\\Program Files\\Unity\\Hub\\Editor\\2020.3.1f1\\Editor\\Unity.exe -projectpath C:\/Users\/batua\/Desktop\/RLNav\/ProjNar -useHub -hubIPC -cloudEnvironment production -hubSessionId c7446f50-10c7-11ec-8c06-4387ecb845be -accessToken wOP96ZpT0XpwH6plAtT5UjpmoMZwoujPyr2CdfE6um0011f","communication_protocol_version":"1.4.0","com.unity.ml-agents_version":"1.8.1-preview","scene_name":"EasyUrbanEnv","end_time_seconds":"1631128006"}}