{"count":1,"self":466.90964479999997,"total":468.47932979999996,"children":{"InitializeActuators":{"count":13,"self":0.0015160999999999998,"total":0.0015160999999999998,"children":null},"InitializeSensors":{"count":13,"self":0.00095639999999999994,"total":0.00095639999999999994,"children":null},"AgentSendState":{"count":37796,"self":0.23781329999999998,"total":1.1303933,"children":{"CollectObservations":{"count":3785,"self":0.85300979999999993,"total":0.85300979999999993,"children":null},"WriteActionMask":{"count":3785,"self":0.011906799999999999,"total":0.011906799999999999,"children":null},"RequestDecision":{"count":3785,"self":0.027663399999999998,"total":0.027663399999999998,"children":null}}},"DecideAction":{"count":37796,"self":0.270095,"total":0.270095,"children":null},"AgentAct":{"count":37796,"self":0.1667421,"total":0.1667421,"children":null}},"gauges":{"Basic.CumulativeReward":{"count":32,"max":-1.00846934,"min":-1.0126214,"runningAverage":-1.01011348,"value":-1.00997782,"weightedAverage":-1.01008272}},"metadata":{"timer_format_version":"0.1.0","start_time_seconds":"1624378549","unity_version":"2020.3.1f1","command_line_arguments":"C:\\Program Files\\Unity\\Hub\\Editor\\2020.3.1f1\\Editor\\Unity.exe -projectpath C:\/Users\/batua\/Desktop\/RLNav\/ProjNar -useHub -hubIPC -cloudEnvironment production -hubSessionId 1d9e7060-d371-11eb-95eb-b7a9f77bfdcc -accessToken aA8hO8uEZMtG81unPXgC1mZJtYbbyVUbXmbuaQ1ijS0011f","communication_protocol_version":"1.4.0","com.unity.ml-agents_version":"1.8.1-preview","scene_name":"TestEnv","end_time_seconds":"1624379017"}}