{"_MeanTrainingSuccessRate": 0.0, "_runtime": 10, "_timestamp": 1633723068, "_step": 2065, "episode_reward": -1.6706068608909845, "episode_len": 65, "episode_time": 10.401685, "episode_success": -1.0}